BOTS,ADDI Bot,Alyth Bot,Azure Bot,Cuber Bot,Nico Bot,Pigu Bot,Tech Bot,Teto Bot,Rockzu,
ADDI Bot,0,520,-141176,589,577,-5,-74949,232,-895,
Alyth Bot,-520,0,-149999,75000,-150000,150000,-149998,18750,-104633,
Azure Bot,141176,150000,1,-3245,-74999,0,74998,0,35477,
Cuber Bot,-589,150000,51429,-16,0,-150000,-75000,29994,12665,
Nico Bot,-577,150000,75000,143510,0,75000,149999,18750,104917,
Pigu Bot,-500,-150000,-1,-51429,-75000,0,0,-150000,-161,
Tech Bot,74951,149998,-75000,-149999,75000,0,75000,75000,7870,
Teto Bot,318,150000,-1,150000,150000,-18750,149999,0,73387,
Rockzu,-421,105275,-34966,-12525,-104542,-43,-8396,-73325,-2,
